"filename", "language", "LaTeX", "BibTeX", "YAML", "Makefile", "JSON", "Python", "Shell Script", "comment", "blank", "total"
"/home/repos/six-birds-confluence/Makefile", "Makefile", 0, 0, 0, 22, 0, 0, 0, 0, 8, 30
"/home/repos/six-birds-confluence/data/examples/E001_diamond_flat.yaml", "YAML", 0, 0, 9, 0, 0, 0, 0, 0, 1, 10
"/home/repos/six-birds-confluence/data/examples/E002_fork_curved.yaml", "YAML", 0, 0, 8, 0, 0, 0, 0, 0, 1, 9
"/home/repos/six-birds-confluence/data/examples/E003_delayed_join_flat.yaml", "YAML", 0, 0, 10, 0, 0, 0, 0, 0, 1, 11
"/home/repos/six-birds-confluence/data/examples/E004_bare_graph_counterexample_target.yaml", "YAML", 0, 0, 10, 0, 0, 0, 0, 0, 1, 11
"/home/repos/six-birds-confluence/data/examples/E005_string_sort_confluent.yaml", "YAML", 0, 0, 12, 0, 0, 0, 0, 0, 1, 13
"/home/repos/six-birds-confluence/data/examples/E006_string_overlap_nonconfluent.yaml", "YAML", 0, 0, 11, 0, 0, 0, 0, 0, 1, 12
"/home/repos/six-birds-confluence/data/examples/E007_completion_before.yaml", "YAML", 0, 0, 11, 0, 0, 0, 0, 0, 1, 12
"/home/repos/six-birds-confluence/data/examples/E008_completion_after.yaml", "YAML", 0, 0, 12, 0, 0, 0, 0, 0, 1, 13
"/home/repos/six-birds-confluence/data/examples/term_rewrite/TRS001_add_peano.yaml", "YAML", 0, 0, 11, 0, 0, 0, 0, 0, 1, 12
"/home/repos/six-birds-confluence/data/examples/term_rewrite/TRS002_left_linear_overlap.yaml", "YAML", 0, 0, 11, 0, 0, 0, 0, 0, 1, 12
"/home/repos/six-birds-confluence/data/examples/term_rewrite/TRS003_nested_overlap_nonconfluent.yaml", "YAML", 0, 0, 11, 0, 0, 0, 0, 0, 1, 12
"/home/repos/six-birds-confluence/data/examples/term_rewrite/TRS004_nested_overlap_joinable.yaml", "YAML", 0, 0, 12, 0, 0, 0, 0, 0, 1, 13
"/home/repos/six-birds-confluence/lake-manifest.json", "JSON", 0, 0, 0, 0, 5, 0, 0, 0, 1, 6
"/home/repos/six-birds-confluence/paper/appendices/A_lean_formal_core.tex", "LaTeX", 2, 0, 0, 0, 0, 0, 0, 1, 1, 4
"/home/repos/six-birds-confluence/paper/appendices/B_computational_protocol.tex", "LaTeX", 2, 0, 0, 0, 0, 0, 0, 1, 1, 4
"/home/repos/six-birds-confluence/paper/appendices/C_artifact_guide.tex", "LaTeX", 2, 0, 0, 0, 0, 0, 0, 1, 1, 4
"/home/repos/six-birds-confluence/paper/macros.tex", "LaTeX", 26, 0, 0, 0, 0, 0, 0, 0, 4, 30
"/home/repos/six-birds-confluence/paper/main.tex", "LaTeX", 26, 0, 0, 0, 0, 0, 0, 1, 11, 38
"/home/repos/six-birds-confluence/paper/references.bib", "BibTeX", 0, 1, 0, 0, 0, 0, 0, 0, 1, 2
"/home/repos/six-birds-confluence/paper/sections/01_introduction.tex", "LaTeX", 2, 0, 0, 0, 0, 0, 0, 1, 1, 4
"/home/repos/six-birds-confluence/paper/sections/02_preliminaries_scope.tex", "LaTeX", 2, 0, 0, 0, 0, 0, 0, 1, 1, 4
"/home/repos/six-birds-confluence/paper/sections/03_bare_graph_not_enough.tex", "LaTeX", 2, 0, 0, 0, 0, 0, 0, 1, 1, 4
"/home/repos/six-birds-confluence/paper/sections/04_reduction_two_complex.tex", "LaTeX", 2, 0, 0, 0, 0, 0, 0, 1, 1, 4
"/home/repos/six-birds-confluence/paper/sections/05_core_theorem.tex", "LaTeX", 2, 0, 0, 0, 0, 0, 0, 1, 1, 4
"/home/repos/six-birds-confluence/paper/sections/06_critical_pairs_curvature_generators.tex", "LaTeX", 2, 0, 0, 0, 0, 0, 0, 1, 1, 4
"/home/repos/six-birds-confluence/paper/sections/07_computational_bridge.tex", "LaTeX", 2, 0, 0, 0, 0, 0, 0, 1, 1, 4
"/home/repos/six-birds-confluence/paper/sections/08_completion_holonomy_elimination.tex", "LaTeX", 2, 0, 0, 0, 0, 0, 0, 1, 1, 4
"/home/repos/six-birds-confluence/paper/sections/09_proved_supported_deferred.tex", "LaTeX", 2, 0, 0, 0, 0, 0, 0, 1, 1, 4
"/home/repos/six-birds-confluence/paper/sections/10_conclusion.tex", "LaTeX", 2, 0, 0, 0, 0, 0, 0, 1, 1, 4
"/home/repos/six-birds-confluence/project/case_studies/CS001_manual_completion_ab_to_xy.yaml", "YAML", 0, 0, 12, 0, 0, 0, 0, 0, 1, 13
"/home/repos/six-birds-confluence/project/claim_registry.yaml", "YAML", 0, 0, 110, 0, 0, 0, 0, 0, 1, 111
"/home/repos/six-birds-confluence/project/claim_support_matrix.yaml", "YAML", 0, 0, 127, 0, 0, 0, 0, 0, 10, 137
"/home/repos/six-birds-confluence/project/example_catalog.yaml", "YAML", 0, 0, 100, 0, 0, 0, 0, 0, 1, 101
"/home/repos/six-birds-confluence/results/audits/boundary_counterexample_search_n_le_4.json", "JSON", 0, 0, 0, 0, 407, 0, 0, 0, 1, 408
"/home/repos/six-birds-confluence/results/audits/critical_pair_curvature_audit.json", "JSON", 0, 0, 0, 0, 209, 0, 0, 0, 1, 210
"/home/repos/six-birds-confluence/results/audits/exhaustive_finite_ars_n_le_4_counterexamples.json", "JSON", 0, 0, 0, 0, 15, 0, 0, 0, 1, 16
"/home/repos/six-birds-confluence/results/audits/exhaustive_finite_ars_n_le_4_summary.json", "JSON", 0, 0, 0, 0, 62, 0, 0, 0, 1, 63
"/home/repos/six-birds-confluence/results/audits/naive_graph_flatness_audit.json", "JSON", 0, 0, 0, 0, 70, 0, 0, 0, 1, 71
"/home/repos/six-birds-confluence/results/case_studies/CS001_manual_completion_ab_to_xy.json", "JSON", 0, 0, 0, 0, 122, 0, 0, 0, 1, 123
"/home/repos/six-birds-confluence/results/critical_pairs/E005_string_sort_confluent.json", "JSON", 0, 0, 0, 0, 67, 0, 0, 0, 1, 68
"/home/repos/six-birds-confluence/results/critical_pairs/E006_string_overlap_nonconfluent.json", "JSON", 0, 0, 0, 0, 112, 0, 0, 0, 1, 113
"/home/repos/six-birds-confluence/results/critical_pairs/E007_completion_before.json", "JSON", 0, 0, 0, 0, 67, 0, 0, 0, 1, 68
"/home/repos/six-birds-confluence/results/critical_pairs/E008_completion_after.json", "JSON", 0, 0, 0, 0, 67, 0, 0, 0, 1, 68
"/home/repos/six-birds-confluence/results/critical_pairs/summary.json", "JSON", 0, 0, 0, 0, 42, 0, 0, 0, 1, 43
"/home/repos/six-birds-confluence/results/diagrams/index.json", "JSON", 0, 0, 0, 0, 160, 0, 0, 0, 1, 161
"/home/repos/six-birds-confluence/results/freeze/claim_support_matrix.json", "JSON", 0, 0, 0, 0, 206, 0, 0, 0, 1, 207
"/home/repos/six-birds-confluence/results/freeze/final_experiment_summary.json", "JSON", 0, 0, 0, 0, 49, 0, 0, 0, 1, 50
"/home/repos/six-birds-confluence/results/index.json", "JSON", 0, 0, 0, 0, 743, 0, 0, 0, 1, 744
"/home/repos/six-birds-confluence/results/peaks/E001_diamond_flat.json", "JSON", 0, 0, 0, 0, 34, 0, 0, 0, 1, 35
"/home/repos/six-birds-confluence/results/peaks/E002_fork_curved.json", "JSON", 0, 0, 0, 0, 32, 0, 0, 0, 1, 33
"/home/repos/six-birds-confluence/results/peaks/summary.json", "JSON", 0, 0, 0, 0, 20, 0, 0, 0, 1, 21
"/home/repos/six-birds-confluence/results/plaquettes/E001_diamond_flat.json", "JSON", 0, 0, 0, 0, 41, 0, 0, 0, 1, 42
"/home/repos/six-birds-confluence/results/plaquettes/E002_fork_curved.json", "JSON", 0, 0, 0, 0, 30, 0, 0, 0, 1, 31
"/home/repos/six-birds-confluence/results/plaquettes/E003_delayed_join_flat.json", "JSON", 0, 0, 0, 0, 42, 0, 0, 0, 1, 43
"/home/repos/six-birds-confluence/results/plaquettes/E004_bare_graph_counterexample_target.json", "JSON", 0, 0, 0, 0, 45, 0, 0, 0, 1, 46
"/home/repos/six-birds-confluence/results/plaquettes/summary.json", "JSON", 0, 0, 0, 0, 34, 0, 0, 0, 1, 35
"/home/repos/six-birds-confluence/results/string_rewrite/E005_string_sort_confluent.json", "JSON", 0, 0, 0, 0, 72, 0, 0, 0, 1, 73
"/home/repos/six-birds-confluence/results/string_rewrite/E006_string_overlap_nonconfluent.json", "JSON", 0, 0, 0, 0, 59, 0, 0, 0, 1, 60
"/home/repos/six-birds-confluence/results/string_rewrite/E007_completion_before.json", "JSON", 0, 0, 0, 0, 54, 0, 0, 0, 1, 55
"/home/repos/six-birds-confluence/results/string_rewrite/E008_completion_after.json", "JSON", 0, 0, 0, 0, 58, 0, 0, 0, 1, 59
"/home/repos/six-birds-confluence/results/string_rewrite/summary.json", "JSON", 0, 0, 0, 0, 56, 0, 0, 0, 1, 57
"/home/repos/six-birds-confluence/results/term_rewrite/TRS001_add_peano.json", "JSON", 0, 0, 0, 0, 32, 0, 0, 0, 1, 33
"/home/repos/six-birds-confluence/results/term_rewrite/TRS002_left_linear_overlap.json", "JSON", 0, 0, 0, 0, 54, 0, 0, 0, 1, 55
"/home/repos/six-birds-confluence/results/term_rewrite/TRS003_nested_overlap_nonconfluent.json", "JSON", 0, 0, 0, 0, 56, 0, 0, 0, 1, 57
"/home/repos/six-birds-confluence/results/term_rewrite/TRS004_nested_overlap_joinable.json", "JSON", 0, 0, 0, 0, 55, 0, 0, 0, 1, 56
"/home/repos/six-birds-confluence/results/term_rewrite/summary.json", "JSON", 0, 0, 0, 0, 66, 0, 0, 0, 1, 67
"/home/repos/six-birds-confluence/results/two_complex/E001_diamond_flat.json", "JSON", 0, 0, 0, 0, 73, 0, 0, 0, 1, 74
"/home/repos/six-birds-confluence/results/two_complex/E002_fork_curved.json", "JSON", 0, 0, 0, 0, 62, 0, 0, 0, 1, 63
"/home/repos/six-birds-confluence/results/two_complex/E007_completion_before.json", "JSON", 0, 0, 0, 0, 56, 0, 0, 0, 1, 57
"/home/repos/six-birds-confluence/results/two_complex/E008_completion_after.json", "JSON", 0, 0, 0, 0, 66, 0, 0, 0, 1, 67
"/home/repos/six-birds-confluence/results/two_complex/TRS003_nested_overlap_nonconfluent.json", "JSON", 0, 0, 0, 0, 56, 0, 0, 0, 1, 57
"/home/repos/six-birds-confluence/results/two_complex/TRS004_nested_overlap_joinable.json", "JSON", 0, 0, 0, 0, 66, 0, 0, 0, 1, 67
"/home/repos/six-birds-confluence/results/two_complex/summary.json", "JSON", 0, 0, 0, 0, 85, 0, 0, 0, 1, 86
"/home/repos/six-birds-confluence/scripts/build_results_ledger.py", "Python", 0, 0, 0, 0, 0, 12, 0, 2, 8, 22
"/home/repos/six-birds-confluence/scripts/finite_ars_smoke_check.py", "Python", 0, 0, 0, 0, 0, 28, 0, 2, 12, 42
"/home/repos/six-birds-confluence/scripts/generate_diagram_assets.py", "Python", 0, 0, 0, 0, 0, 16, 0, 2, 8, 26
"/home/repos/six-birds-confluence/scripts/generate_peak_artifacts.py", "Python", 0, 0, 0, 0, 0, 40, 0, 2, 15, 57
"/home/repos/six-birds-confluence/scripts/generate_plaquette_artifacts.py", "Python", 0, 0, 0, 0, 0, 42, 0, 2, 15, 59
"/home/repos/six-birds-confluence/scripts/package_repo_snapshot.sh", "Shell Script", 0, 0, 0, 0, 0, 0, 239, 1, 34, 274
"/home/repos/six-birds-confluence/scripts/run_boundary_counterexample_search.py", "Python", 0, 0, 0, 0, 0, 73, 0, 2, 15, 90
"/home/repos/six-birds-confluence/scripts/run_completion_case_study.py", "Python", 0, 0, 0, 0, 0, 65, 0, 2, 13, 80
"/home/repos/six-birds-confluence/scripts/run_critical_pair_analysis.py", "Python", 0, 0, 0, 0, 0, 59, 0, 2, 13, 74
"/home/repos/six-birds-confluence/scripts/run_critical_pair_curvature_audit.py", "Python", 0, 0, 0, 0, 0, 105, 0, 2, 14, 121
"/home/repos/six-birds-confluence/scripts/run_exhaustive_finite_ars_audit.py", "Python", 0, 0, 0, 0, 0, 48, 0, 2, 14, 64
"/home/repos/six-birds-confluence/scripts/run_final_freeze.py", "Python", 0, 0, 0, 0, 0, 16, 0, 2, 8, 26
"/home/repos/six-birds-confluence/scripts/run_naive_graph_flatness_audit.py", "Python", 0, 0, 0, 0, 0, 49, 0, 2, 14, 65
"/home/repos/six-birds-confluence/scripts/run_regression_harness.py", "Python", 0, 0, 0, 0, 0, 42, 0, 2, 12, 56
"/home/repos/six-birds-confluence/scripts/run_string_rewrite_examples.py", "Python", 0, 0, 0, 0, 0, 114, 0, 2, 19, 135
"/home/repos/six-birds-confluence/scripts/run_term_rewrite_prototype.py", "Python", 0, 0, 0, 0, 0, 58, 0, 2, 12, 72
"/home/repos/six-birds-confluence/scripts/run_two_complex_generation.py", "Python", 0, 0, 0, 0, 0, 22, 0, 2, 8, 32
"/home/repos/six-birds-confluence/src/rewriteflat/__init__.py", "Python", 0, 0, 0, 0, 0, 96, 0, 1, 3, 100
"/home/repos/six-birds-confluence/src/rewriteflat/__main__.py", "Python", 0, 0, 0, 0, 0, 5, 0, 1, 6, 12
"/home/repos/six-birds-confluence/src/rewriteflat/boundary_counterexamples.py", "Python", 0, 0, 0, 0, 0, 202, 0, 1, 38, 241
"/home/repos/six-birds-confluence/src/rewriteflat/cli.py", "Python", 0, 0, 0, 0, 0, 49, 0, 1, 18, 68
"/home/repos/six-birds-confluence/src/rewriteflat/completion_case_study.py", "Python", 0, 0, 0, 0, 0, 170, 0, 1, 25, 196
"/home/repos/six-birds-confluence/src/rewriteflat/critical_pair_curvature_audit.py", "Python", 0, 0, 0, 0, 0, 218, 0, 1, 35, 254
"/home/repos/six-birds-confluence/src/rewriteflat/critical_pairs.py", "Python", 0, 0, 0, 0, 0, 223, 0, 2, 30, 255
"/home/repos/six-birds-confluence/src/rewriteflat/diagram_generator.py", "Python", 0, 0, 0, 0, 0, 445, 0, 6, 53, 504
"/home/repos/six-birds-confluence/src/rewriteflat/example_io.py", "Python", 0, 0, 0, 0, 0, 88, 0, 1, 25, 114
"/home/repos/six-birds-confluence/src/rewriteflat/exhaustive_finite_ars_audit.py", "Python", 0, 0, 0, 0, 0, 161, 0, 1, 31, 193
"/home/repos/six-birds-confluence/src/rewriteflat/finite_ars.py", "Python", 0, 0, 0, 0, 0, 102, 0, 2, 26, 130
"/home/repos/six-birds-confluence/src/rewriteflat/freeze_summary.py", "Python", 0, 0, 0, 0, 0, 171, 0, 3, 38, 212
"/home/repos/six-birds-confluence/src/rewriteflat/naive_graph_audit.py", "Python", 0, 0, 0, 0, 0, 82, 0, 1, 20, 103
"/home/repos/six-birds-confluence/src/rewriteflat/peak_analysis.py", "Python", 0, 0, 0, 0, 0, 77, 0, 1, 18, 96
"/home/repos/six-birds-confluence/src/rewriteflat/plaquettes.py", "Python", 0, 0, 0, 0, 0, 90, 0, 1, 24, 115
"/home/repos/six-birds-confluence/src/rewriteflat/project_config.py", "Python", 0, 0, 0, 0, 0, 124, 0, 2, 40, 166
"/home/repos/six-birds-confluence/src/rewriteflat/regression_harness.py", "Python", 0, 0, 0, 0, 0, 179, 0, 1, 20, 200
"/home/repos/six-birds-confluence/src/rewriteflat/results_ledger.py", "Python", 0, 0, 0, 0, 0, 199, 0, 1, 46, 246
"/home/repos/six-birds-confluence/src/rewriteflat/string_rewriting.py", "Python", 0, 0, 0, 0, 0, 187, 0, 1, 31, 219
"/home/repos/six-birds-confluence/src/rewriteflat/term_rewriting.py", "Python", 0, 0, 0, 0, 0, 532, 0, 1, 112, 645
"/home/repos/six-birds-confluence/src/rewriteflat/two_complex.py", "Python", 0, 0, 0, 0, 0, 366, 0, 1, 57, 424
"/home/repos/six-birds-confluence/tests/conftest.py", "Python", 0, 0, 0, 0, 0, 7, 0, 0, 3, 10
"/home/repos/six-birds-confluence/tests/test_boundary_counterexamples.py", "Python", 0, 0, 0, 0, 0, 78, 0, 0, 18, 96
"/home/repos/six-birds-confluence/tests/test_cli.py", "Python", 0, 0, 0, 0, 0, 30, 0, 0, 9, 39
"/home/repos/six-birds-confluence/tests/test_completion_case_study.py", "Python", 0, 0, 0, 0, 0, 63, 0, 0, 16, 79
"/home/repos/six-birds-confluence/tests/test_critical_pair_curvature_audit.py", "Python", 0, 0, 0, 0, 0, 60, 0, 0, 16, 76
"/home/repos/six-birds-confluence/tests/test_critical_pairs.py", "Python", 0, 0, 0, 0, 0, 61, 0, 0, 18, 79
"/home/repos/six-birds-confluence/tests/test_diagram_generator.py", "Python", 0, 0, 0, 0, 0, 75, 0, 0, 26, 101
"/home/repos/six-birds-confluence/tests/test_example_io.py", "Python", 0, 0, 0, 0, 0, 26, 0, 0, 12, 38
"/home/repos/six-birds-confluence/tests/test_exhaustive_finite_ars_audit.py", "Python", 0, 0, 0, 0, 0, 44, 0, 0, 15, 59
"/home/repos/six-birds-confluence/tests/test_finite_ars.py", "Python", 0, 0, 0, 0, 0, 32, 0, 0, 9, 41
"/home/repos/six-birds-confluence/tests/test_freeze_summary.py", "Python", 0, 0, 0, 0, 0, 52, 0, 0, 16, 68
"/home/repos/six-birds-confluence/tests/test_naive_graph_audit.py", "Python", 0, 0, 0, 0, 0, 57, 0, 0, 19, 76
"/home/repos/six-birds-confluence/tests/test_peak_analysis.py", "Python", 0, 0, 0, 0, 0, 49, 0, 0, 16, 65
"/home/repos/six-birds-confluence/tests/test_plaquettes.py", "Python", 0, 0, 0, 0, 0, 43, 0, 0, 17, 60
"/home/repos/six-birds-confluence/tests/test_project_config.py", "Python", 0, 0, 0, 0, 0, 22, 0, 0, 11, 33
"/home/repos/six-birds-confluence/tests/test_regression_harness.py", "Python", 0, 0, 0, 0, 0, 49, 0, 0, 14, 63
"/home/repos/six-birds-confluence/tests/test_results_ledger.py", "Python", 0, 0, 0, 0, 0, 70, 0, 0, 23, 93
"/home/repos/six-birds-confluence/tests/test_string_rewriting.py", "Python", 0, 0, 0, 0, 0, 121, 0, 0, 29, 150
"/home/repos/six-birds-confluence/tests/test_term_rewriting.py", "Python", 0, 0, 0, 0, 0, 85, 0, 0, 22, 107
"/home/repos/six-birds-confluence/tests/test_two_complex.py", "Python", 0, 0, 0, 0, 0, 57, 0, 0, 21, 78
"Total", "-", 78, 1, 477, 22, 3707, 5636, 239, 78, 1363, 11601