artifact_id,relative_path,collection,kind,file_ext,example_id,case_id,size_bytes,sha256,run_id,indexed_at_utc
ART_RESULTS_AUDITS_BOUNDARY_COUNTEREXAMPLE_SEARCH_N_LE_4_JSON,results/audits/boundary_counterexample_search_n_le_4.json,boundary_counterexamples,boundary_counterexample_search,json,,,10574,4e68810cc7c9390723eecdafda7e96cb8f4d5a0ec19e86fbb58381fdd8b1ff8b,results_ledger_20261001T170736Z,2026-10-01T17:07:36Z
ART_RESULTS_AUDITS_BOUNDARY_COUNTEREXAMPLE_SEARCH_N_LE_4_SUMMARY_CSV,results/audits/boundary_counterexample_search_n_le_4_summary.csv,boundary_counterexamples,csv_table,csv,,,946,2a8e6a37f61978ed4a07ca00d918cf50fcc84102403f875f98a872848ef06186,results_ledger_20261001T170736Z,2026-10-01T17:07:36Z
ART_RESULTS_AUDITS_CRITICAL_PAIR_CURVATURE_AUDIT_CSV,results/audits/critical_pair_curvature_audit.csv,critical_pair_audits,csv_table,csv,,,1031,f8507f7eba8061c34672ac1c3d6e8c3d0e850c2666c4d0e8de9ac003d6a3d225,results_ledger_20261001T170736Z,2026-10-01T17:07:36Z
ART_RESULTS_AUDITS_CRITICAL_PAIR_CURVATURE_AUDIT_JSON,results/audits/critical_pair_curvature_audit.json,critical_pair_audits,critical_pair_curvature_audit,json,,,8209,ada6c23158b1e965f0573dac7691e1bebf2cfcfd8f3469646c3889510636f211,results_ledger_20261001T170736Z,2026-10-01T17:07:36Z
ART_RESULTS_AUDITS_EXHAUSTIVE_FINITE_ARS_N_LE_4_COUNTEREXAMPLES_JSON,results/audits/exhaustive_finite_ars_n_le_4_counterexamples.json,exhaustive_ars_audits,exhaustive_finite_ars_counterexamples,json,,,447,e0c5d96063e69f6be2ca982759e1de45534a6fb1442ab4d8afd4efe0b2eca23e,results_ledger_20261001T170736Z,2026-10-01T17:07:36Z
ART_RESULTS_AUDITS_EXHAUSTIVE_FINITE_ARS_N_LE_4_ROWS_CSV,results/audits/exhaustive_finite_ars_n_le_4_rows.csv,exhaustive_ars_audits,csv_table,csv,,,24710,caffc6a7b26f19836646af007280b52f538683ef8e2ad66b8617cc07ff88f34d,results_ledger_20261001T170736Z,2026-10-01T17:07:36Z
ART_RESULTS_AUDITS_EXHAUSTIVE_FINITE_ARS_N_LE_4_SUMMARY_JSON,results/audits/exhaustive_finite_ars_n_le_4_summary.json,exhaustive_ars_audits,exhaustive_finite_ars_audit,json,,,1928,bfb9cc7f42ea655b8df971f04ca21358ce2ec234850a3025c89ba655c2f30d60,results_ledger_20261001T170736Z,2026-10-01T17:07:36Z
ART_RESULTS_AUDITS_NAIVE_GRAPH_FLATNESS_AUDIT_CSV,results/audits/naive_graph_flatness_audit.csv,naive_graph_audit,csv_table,csv,,,423,5f066baf557854a37a8d07235fb9476e499b714418b9d5347dd513fe5d5ef002,results_ledger_20261001T170736Z,2026-10-01T17:07:36Z
ART_RESULTS_AUDITS_NAIVE_GRAPH_FLATNESS_AUDIT_JSON,results/audits/naive_graph_flatness_audit.json,naive_graph_audit,naive_bare_graph_flatness_audit,json,,,2029,2358e33022385a80ed451004af364c716a7845e3c39356ec43efc3a94c05c420,results_ledger_20261001T170736Z,2026-10-01T17:07:36Z
ART_RESULTS_CASE_STUDIES_CS001_MANUAL_COMPLETION_AB_TO_XY_CSV,results/case_studies/CS001_manual_completion_ab_to_xy.csv,completion_case_study,csv_table,csv,,CS001_manual_completion_ab_to_xy,602,0fa3d2754b3ad254fa91cf9f01cd77c1b095863f3255eb31ead07303352a7a86,results_ledger_20261001T170736Z,2026-10-01T17:07:36Z
ART_RESULTS_CASE_STUDIES_CS001_MANUAL_COMPLETION_AB_TO_XY_JSON,results/case_studies/CS001_manual_completion_ab_to_xy.json,completion_case_study,manual_completion_case_study,json,,CS001_manual_completion_ab_to_xy,2986,7febb519cc6bb3f09da4c6752b1894be9fa0b357a768762fb177aa1b569182b9,results_ledger_20261001T170736Z,2026-10-01T17:07:36Z
ART_RESULTS_CRITICAL_PAIRS_E005_STRING_SORT_CONFLUENT_JSON,results/critical_pairs/E005_string_sort_confluent.json,critical_pair_analysis,string_critical_pair_analysis,json,E005_string_sort_confluent,,2899,a6c491ca27440dce851d6b36733261c6ad8547aba59e2e8dd5f28b3a752e13cb,results_ledger_20261001T170736Z,2026-10-01T17:07:36Z
ART_RESULTS_CRITICAL_PAIRS_E006_STRING_OVERLAP_NONCONFLUENT_JSON,results/critical_pairs/E006_string_overlap_nonconfluent.json,critical_pair_analysis,string_critical_pair_analysis,json,E006_string_overlap_nonconfluent,,4197,4115076cbcb8c28f4a7b599b57ea35fb5af7a23c6dd092549845d96ae35c85db,results_ledger_20261001T170736Z,2026-10-01T17:07:36Z
ART_RESULTS_CRITICAL_PAIRS_E007_COMPLETION_BEFORE_JSON,results/critical_pairs/E007_completion_before.json,critical_pair_analysis,string_critical_pair_analysis,json,E007_completion_before,,2846,1d327d64a10a7067c37ece0e551a7fb4163a71c7254769f6a8b855d9aa1d3068,results_ledger_20261001T170736Z,2026-10-01T17:07:36Z
ART_RESULTS_CRITICAL_PAIRS_E008_COMPLETION_AFTER_JSON,results/critical_pairs/E008_completion_after.json,critical_pair_analysis,string_critical_pair_analysis,json,E008_completion_after,,2863,4ca2d842c6ed46e3b0d79d1628899529370a60e81fce0f576bac1e5e109eca4b,results_ledger_20261001T170736Z,2026-10-01T17:07:36Z
ART_RESULTS_CRITICAL_PAIRS_SUMMARY_JSON,results/critical_pairs/summary.json,critical_pair_analysis,string_critical_pair_summary,json,,,1321,b0197dc77923c8cf08cb8f7ec23dd713c3e8730322fd0690e4263ac45ef7051f,results_ledger_20261001T170736Z,2026-10-01T17:07:36Z
ART_RESULTS_DIAGRAMS_E001_DIAMOND_FLAT_JOIN_DIAMOND_DOT,results/diagrams/E001_diamond_flat/join_diamond.dot,figures,graphviz_dot,dot,E001_diamond_flat,,433,2b31f2c70143f94b557922f2d42c233f860123899100f40dc37506d472cab1ae,results_ledger_20261001T170736Z,2026-10-01T17:07:36Z
ART_RESULTS_DIAGRAMS_E001_DIAMOND_FLAT_REDUCTION_GRAPH_DOT,results/diagrams/E001_diamond_flat/reduction_graph.dot,figures,graphviz_dot,dot,E001_diamond_flat,,242,ec608948d317456152a9ad988fb2d0c510d8504175722897871ead7cabfc8796,results_ledger_20261001T170736Z,2026-10-01T17:07:36Z
ART_RESULTS_DIAGRAMS_E002_FORK_CURVED_DEFECTIVE_PLAQUETTE_DOT,results/diagrams/E002_fork_curved/defective_plaquette.dot,figures,graphviz_dot,dot,E002_fork_curved,,398,3ef27c9e5bf1f7fd0ca58f750fae2c12a024dcea8219a8f87e13b553b82fd67d,results_ledger_20261001T170736Z,2026-10-01T17:07:36Z
ART_RESULTS_DIAGRAMS_E002_FORK_CURVED_REDUCTION_GRAPH_DOT,results/diagrams/E002_fork_curved/reduction_graph.dot,figures,graphviz_dot,dot,E002_fork_curved,,233,01935d860d30a7f26cdaa5b06e334b1b29a94153471e1d56fff0dc4d2628dec8,results_ledger_20261001T170736Z,2026-10-01T17:07:36Z
ART_RESULTS_DIAGRAMS_E003_DELAYED_JOIN_FLAT_JOIN_DIAMOND_DOT,results/diagrams/E003_delayed_join_flat/join_diamond.dot,figures,graphviz_dot,dot,E003_delayed_join_flat,,473,4d5ed05fb602b81c2d729dd3757d41907be3c5bc138516c916dce6226751b8de,results_ledger_20261001T170736Z,2026-10-01T17:07:36Z
ART_RESULTS_DIAGRAMS_E006_STRING_OVERLAP_NONCONFLUENT_CRITICAL_PAIR_FOCUS_DOT,results/diagrams/E006_string_overlap_nonconfluent/critical_pair_focus.dot,figures,graphviz_dot,dot,E006_string_overlap_nonconfluent,,412,4b2b13484f77a88706cd7c7f3fa85d2eb83a962f6a4231ac619dbe6924fd1398,results_ledger_20261001T170736Z,2026-10-01T17:07:36Z
ART_RESULTS_DIAGRAMS_E006_STRING_OVERLAP_NONCONFLUENT_EXPLORED_REDUCTION_GRAPH_DOT,results/diagrams/E006_string_overlap_nonconfluent/explored_reduction_graph.dot,figures,graphviz_dot,dot,E006_string_overlap_nonconfluent,,253,89cb03720f957abef92dc4eecdfc99c5ffea7768ebf10b148f9e3d153ed85eb8,results_ledger_20261001T170736Z,2026-10-01T17:07:36Z
ART_RESULTS_DIAGRAMS_E007_COMPLETION_BEFORE_CRITICAL_PAIR_FOCUS_DOT,results/diagrams/E007_completion_before/critical_pair_focus.dot,figures,graphviz_dot,dot,E007_completion_before,,419,14024e5bee86651e0579095c8c3e2a6ccf913e2609857b2e6ae052cb2d29ed01,results_ledger_20261001T170736Z,2026-10-01T17:07:36Z
ART_RESULTS_DIAGRAMS_E008_COMPLETION_AFTER_CRITICAL_PAIR_FOCUS_DOT,results/diagrams/E008_completion_after/critical_pair_focus.dot,figures,graphviz_dot,dot,E008_completion_after,,350,3832a8fe76841e59a225e86b29a7f12d6b66c47b024cfa224d2cb57fbc85b940,results_ledger_20261001T170736Z,2026-10-01T17:07:36Z
ART_RESULTS_DIAGRAMS_INDEX_JSON,results/diagrams/index.json,figures,diagram_asset_index,json,,,4656,3b62db1cb47662bfbd5f8f049141fde8c77087e1445e10a75535878c9746434c,results_ledger_20261001T170736Z,2026-10-01T17:07:36Z
ART_RESULTS_FREEZE_CLAIM_SUPPORT_MATRIX_JSON,results/freeze/claim_support_matrix.json,freeze_artifacts,claim_support_matrix,json,,,7409,aa6aabc4d52a9de3681c163b3bf1662fe240435917dd1779bbba2ba2a373b698,results_ledger_20261001T170736Z,2026-10-01T17:07:36Z
ART_RESULTS_FREEZE_FINAL_EXPERIMENT_SUMMARY_JSON,results/freeze/final_experiment_summary.json,freeze_artifacts,final_experiment_summary,json,,,1560,ee262ba721c9184856ff0c51a8d0ffdbaa6be95789aee7034902d3bec9caf9ed,results_ledger_20261001T170736Z,2026-10-01T17:07:36Z
ART_RESULTS_PEAKS_E001_DIAMOND_FLAT_JSON,results/peaks/E001_diamond_flat.json,peak_artifacts,finite_ars_peak_analysis,json,E001_diamond_flat,,723,68e9d8d64e98dd15da7f24140d15a2f0f69846d608a43b46ec51d61bdde28f02,results_ledger_20261001T170736Z,2026-10-01T17:07:36Z
ART_RESULTS_PEAKS_E002_FORK_CURVED_JSON,results/peaks/E002_fork_curved.json,peak_artifacts,finite_ars_peak_analysis,json,E002_fork_curved,,705,bbea457c6a29e6b723ab3aab42cb9e74939316029773c93a9b812c3d8f203668,results_ledger_20261001T170736Z,2026-10-01T17:07:36Z
ART_RESULTS_PEAKS_SUMMARY_JSON,results/peaks/summary.json,peak_artifacts,finite_ars_peak_summary,json,,,444,22c9d5874a80d659f124f94106086886aaf76e07406af6937000383b3719c5d2,results_ledger_20261001T170736Z,2026-10-01T17:07:36Z
ART_RESULTS_PLAQUETTES_E001_DIAMOND_FLAT_JSON,results/plaquettes/E001_diamond_flat.json,plaquette_artifacts,finite_ars_plaquettes,json,E001_diamond_flat,,739,422533060a679be4975f37f8716517ba51f966db13e0a87b621b6aec96b99c18,results_ledger_20261001T170736Z,2026-10-01T17:07:36Z
ART_RESULTS_PLAQUETTES_E002_FORK_CURVED_JSON,results/plaquettes/E002_fork_curved.json,plaquette_artifacts,finite_ars_plaquettes,json,E002_fork_curved,,557,d4fceef320a0599bc72040b1f5bbd021d279df0515297590b843dede739889d0,results_ledger_20261001T170736Z,2026-10-01T17:07:36Z
ART_RESULTS_PLAQUETTES_E003_DELAYED_JOIN_FLAT_JSON,results/plaquettes/E003_delayed_join_flat.json,plaquette_artifacts,finite_ars_plaquettes,json,E003_delayed_join_flat,,759,90bf03a7d7fc55f5f70360435ae9dc08ebefb5eb25840751ccc802aaf2d4a061,results_ledger_20261001T170736Z,2026-10-01T17:07:36Z
ART_RESULTS_PLAQUETTES_E004_BARE_GRAPH_COUNTEREXAMPLE_TARGET_JSON,results/plaquettes/E004_bare_graph_counterexample_target.json,plaquette_artifacts,finite_ars_plaquettes,json,E004_bare_graph_counterexample_target,,866,123bae3e26a36a1e6d1474b985f90bbffa5f712d840f2f25869555aea3194af4,results_ledger_20261001T170736Z,2026-10-01T17:07:36Z
ART_RESULTS_PLAQUETTES_SUMMARY_JSON,results/plaquettes/summary.json,plaquette_artifacts,finite_ars_plaquette_summary,json,,,764,5acc7c368a798fc208d2e19edd22f75bf9fb8b4c35ff734547727b96c85cd1fd,results_ledger_20261001T170736Z,2026-10-01T17:07:36Z
ART_RESULTS_STRING_REWRITE_E005_STRING_SORT_CONFLUENT_JSON,results/string_rewrite/E005_string_sort_confluent.json,string_examples,string_rewrite_exploration,json,E005_string_sort_confluent,,1119,ba57a9e369d75d372fee3e2a52bb491a572448ead4d94931e8b2429de0aeca4a,results_ledger_20261001T170736Z,2026-10-01T17:07:36Z
ART_RESULTS_STRING_REWRITE_E006_STRING_OVERLAP_NONCONFLUENT_JSON,results/string_rewrite/E006_string_overlap_nonconfluent.json,string_examples,string_rewrite_exploration,json,E006_string_overlap_nonconfluent,,994,35a4d5b634fb426efbf73a7c683e38157879dace31d101c3609ae797797870cf,results_ledger_20261001T170736Z,2026-10-01T17:07:36Z
ART_RESULTS_STRING_REWRITE_E007_COMPLETION_BEFORE_JSON,results/string_rewrite/E007_completion_before.json,string_examples,string_rewrite_exploration,json,E007_completion_before,,931,f3aa6caaf4f24f6e8ced89acbd6cf30eb47cdd95d38bf9a54985971f16a87d6e,results_ledger_20261001T170736Z,2026-10-01T17:07:36Z
ART_RESULTS_STRING_REWRITE_E008_COMPLETION_AFTER_JSON,results/string_rewrite/E008_completion_after.json,string_examples,string_rewrite_exploration,json,E008_completion_after,,968,4f356db3e07136e6a5939353971b9415c677ff30a3bcebdb66314d28a3d01bd5,results_ledger_20261001T170736Z,2026-10-01T17:07:36Z
ART_RESULTS_STRING_REWRITE_SUMMARY_JSON,results/string_rewrite/summary.json,string_examples,string_rewrite_summary,json,,,1214,535080155ac0424961ab2ef38d802b97ca09ab504256e9af7d69769bbe4f0ac7,results_ledger_20261001T170736Z,2026-10-01T17:07:36Z
ART_RESULTS_TERM_REWRITE_TRS001_ADD_PEANO_JSON,results/term_rewrite/TRS001_add_peano.json,term_rewrite_examples,term_rewrite_prototype,json,TRS001_add_peano,,958,b7be82f7d1ceb7b5d97a4aa2c221cacb7b0681d8249a7f9c193f5393ecaebe56,results_ledger_20261001T170736Z,2026-10-01T17:07:36Z
ART_RESULTS_TERM_REWRITE_TRS002_LEFT_LINEAR_OVERLAP_JSON,results/term_rewrite/TRS002_left_linear_overlap.json,term_rewrite_examples,term_rewrite_prototype,json,TRS002_left_linear_overlap,,2434,dd422f7a69cd359cd3499e198b5de5620b4018407ba291bd47f60e838c1473c8,results_ledger_20261001T170736Z,2026-10-01T17:07:36Z
ART_RESULTS_TERM_REWRITE_TRS003_NESTED_OVERLAP_NONCONFLUENT_JSON,results/term_rewrite/TRS003_nested_overlap_nonconfluent.json,term_rewrite_examples,term_rewrite_prototype,json,TRS003_nested_overlap_nonconfluent,,2487,67d9775a68585f665545c8d4dd377ca61f9254b693e697401d1c0bb8e4164023,results_ledger_20261001T170736Z,2026-10-01T17:07:36Z
ART_RESULTS_TERM_REWRITE_TRS004_NESTED_OVERLAP_JOINABLE_JSON,results/term_rewrite/TRS004_nested_overlap_joinable.json,term_rewrite_examples,term_rewrite_prototype,json,TRS004_nested_overlap_joinable,,2491,7b4110e97b2409a436d384dfc314c3cdb4fe0b9a27b1f55b81d97e9f0e2bed48,results_ledger_20261001T170736Z,2026-10-01T17:07:36Z
ART_RESULTS_TERM_REWRITE_SUMMARY_JSON,results/term_rewrite/summary.json,term_rewrite_examples,term_rewrite_prototype_summary,json,,,1774,f90e71581f3784e5eec506d44d506fe123f6db3a6e477875cd6ca99976ed04ad,results_ledger_20261001T170736Z,2026-10-01T17:07:36Z
ART_RESULTS_TWO_COMPLEX_E001_DIAMOND_FLAT_JSON,results/two_complex/E001_diamond_flat.json,two_complex_artifacts,reduction_two_complex,json,E001_diamond_flat,,1742,81139dce1b045e38a3d464ab87ecbdb574e0759617b7a19aa67f0feb853aa408,results_ledger_20261001T170736Z,2026-10-01T17:07:36Z
ART_RESULTS_TWO_COMPLEX_E002_FORK_CURVED_JSON,results/two_complex/E002_fork_curved.json,two_complex_artifacts,reduction_two_complex,json,E002_fork_curved,,1383,bdf52c4b9aefa5a653c316d3315629b0490acbe58eb2de0f7bfccdf73a151da8,results_ledger_20261001T170736Z,2026-10-01T17:07:36Z
ART_RESULTS_TWO_COMPLEX_E007_COMPLETION_BEFORE_JSON,results/two_complex/E007_completion_before.json,two_complex_artifacts,reduction_two_complex,json,E007_completion_before,,1317,b6e0c061c47930cea4cf3cec71043f2bbfff9af256006ddc8df70f45a8e20fec,results_ledger_20261001T170736Z,2026-10-01T17:07:36Z
ART_RESULTS_TWO_COMPLEX_E008_COMPLETION_AFTER_JSON,results/two_complex/E008_completion_after.json,two_complex_artifacts,reduction_two_complex,json,E008_completion_after,,1644,631923af5d8801f149674e80faf6d13c917fdd89ed02c9864514e822d0b2b7b0,results_ledger_20261001T170736Z,2026-10-01T17:07:36Z
ART_RESULTS_TWO_COMPLEX_TRS003_NESTED_OVERLAP_NONCONFLUENT_JSON,results/two_complex/TRS003_nested_overlap_nonconfluent.json,two_complex_artifacts,reduction_two_complex,json,TRS003_nested_overlap_nonconfluent,,1381,c70caa365e74963ebe512196183977605c92b34b314eabe2a968db9446e176d9,results_ledger_20261001T170736Z,2026-10-01T17:07:36Z
ART_RESULTS_TWO_COMPLEX_TRS004_NESTED_OVERLAP_JOINABLE_JSON,results/two_complex/TRS004_nested_overlap_joinable.json,two_complex_artifacts,reduction_two_complex,json,TRS004_nested_overlap_joinable,,1742,501a2418b62bee448aa5bbcb0b1d738335abbbab1d3100a3ab82ab16fc1cca19,results_ledger_20261001T170736Z,2026-10-01T17:07:36Z
ART_RESULTS_TWO_COMPLEX_SUMMARY_CSV,results/two_complex/summary.csv,two_complex_artifacts,csv_table,csv,,,399,74942f48c4647598bbfcfe8eddeac59c2b7699f19c8b7c6406b70abf0fd22726,results_ledger_20261001T170736Z,2026-10-01T17:07:36Z
ART_RESULTS_TWO_COMPLEX_SUMMARY_JSON,results/two_complex/summary.json,two_complex_artifacts,reduction_two_complex_summary,json,,,2396,fda5866df383f7ca8f3e17b3227296d8fa563ea096c1577b4329b4244e8d4206,results_ledger_20261001T170736Z,2026-10-01T17:07:36Z
