system_id,n_states,edge_count,peak_count,nonjoinability_defect_count,nf_outcome_mismatch_count,local_flatness,locally_confluent,confluent,unique_reachable_normal_forms
N01_M0,1,0,0,0,0,True,True,True,True
N02_M00,2,0,0,0,0,True,True,True,True
N02_M02,2,1,0,0,0,True,True,True,True
N02_M04,2,1,0,0,0,True,True,True,True
N03_M000,3,0,0,0,0,True,True,True,True
N03_M002,3,1,0,0,0,True,True,True,True
N03_M004,3,1,0,0,0,True,True,True,True
N03_M006,3,2,1,1,1,False,False,False,False
N03_M008,3,1,0,0,0,True,True,True,True
N03_M012,3,2,0,0,0,True,True,True,True
N03_M032,3,1,0,0,0,True,True,True,True
N03_M034,3,2,0,0,0,True,True,True,True
N03_M036,3,2,0,0,0,True,True,True,True
N03_M038,3,3,1,0,0,True,True,True,True
N03_M040,3,2,1,1,1,False,False,False,False
N03_M044,3,3,1,0,0,True,True,True,True
N03_M064,3,1,0,0,0,True,True,True,True
N03_M066,3,2,0,0,0,True,True,True,True
N03_M072,3,2,0,0,0,True,True,True,True
N03_M096,3,2,0,0,0,True,True,True,True
N03_M104,3,3,1,0,0,True,True,True,True
N03_M128,3,1,0,0,0,True,True,True,True
N03_M130,3,2,0,0,0,True,True,True,True
N03_M132,3,2,0,0,0,True,True,True,True
N03_M134,3,3,1,0,0,True,True,True,True
N03_M136,3,2,0,0,0,True,True,True,True
N03_M192,3,2,1,1,1,False,False,False,False
N03_M194,3,3,1,0,0,True,True,True,True
N03_M200,3,3,1,0,0,True,True,True,True
N04_M00000,4,0,0,0,0,True,True,True,True
N04_M00002,4,1,0,0,0,True,True,True,True
N04_M00004,4,1,0,0,0,True,True,True,True
N04_M00006,4,2,1,1,1,False,False,False,False
N04_M00008,4,1,0,0,0,True,True,True,True
N04_M00010,4,2,1,1,1,False,False,False,False
N04_M00012,4,2,1,1,1,False,False,False,False
N04_M00014,4,3,3,3,3,False,False,False,False
N04_M00016,4,1,0,0,0,True,True,True,True
N04_M00020,4,2,0,0,0,True,True,True,True
N04_M00024,4,2,0,0,0,True,True,True,True
N04_M00028,4,3,1,1,1,False,False,False,False
N04_M00064,4,1,0,0,0,True,True,True,True
N04_M00066,4,2,0,0,0,True,True,True,True
N04_M00068,4,2,0,0,0,True,True,True,True
N04_M00070,4,3,1,0,0,True,True,True,True
N04_M00072,4,2,0,0,0,True,True,True,True
N04_M00074,4,3,1,1,1,False,False,False,False
N04_M00076,4,3,1,1,1,False,False,False,False
N04_M00078,4,4,3,2,2,False,False,False,False
N04_M00080,4,2,1,1,1,False,False,False,False
N04_M00084,4,3,1,0,0,True,True,True,True
N04_M00088,4,3,1,1,1,False,False,False,False
N04_M00092,4,4,2,1,2,False,False,False,False
N04_M00128,4,1,0,0,0,True,True,True,True
N04_M00130,4,2,0,0,0,True,True,True,True
N04_M00132,4,2,0,0,0,True,True,True,True
N04_M00134,4,3,1,1,1,False,False,False,False
N04_M00136,4,2,0,0,0,True,True,True,True
N04_M00138,4,3,1,0,0,True,True,True,True
N04_M00140,4,3,1,1,1,False,False,False,False
N04_M00142,4,4,3,2,2,False,False,False,False
N04_M00144,4,2,1,1,1,False,False,False,False
N04_M00148,4,3,1,1,1,False,False,False,False
N04_M00152,4,3,1,0,0,True,True,True,True
N04_M00156,4,4,2,1,2,False,False,False,False
N04_M00192,4,2,1,1,1,False,False,False,False
N04_M00194,4,3,1,1,1,False,False,False,False
N04_M00196,4,3,1,1,1,False,False,False,False
N04_M00198,4,4,2,1,2,False,False,False,False
N04_M00200,4,3,1,1,1,False,False,False,False
N04_M00202,4,4,2,1,2,False,False,False,False
N04_M00204,4,4,2,2,2,False,False,False,False
N04_M00206,4,5,4,2,4,False,False,False,False
N04_M00208,4,3,3,3,3,False,False,False,False
N04_M00212,4,4,3,2,2,False,False,False,False
N04_M00216,4,4,3,2,2,False,False,False,False
N04_M00220,4,5,4,2,4,False,False,False,False
N04_M00256,4,1,0,0,0,True,True,True,True
N04_M00258,4,2,0,0,0,True,True,True,True
N04_M00264,4,2,0,0,0,True,True,True,True
N04_M00266,4,3,1,1,1,False,False,False,False
N04_M00272,4,2,0,0,0,True,True,True,True
N04_M00280,4,3,0,0,0,True,True,True,True
N04_M00320,4,2,0,0,0,True,True,True,True
N04_M00328,4,3,0,0,0,True,True,True,True
N04_M00336,4,3,1,0,0,True,True,True,True
N04_M00344,4,4,1,0,0,True,True,True,True
N04_M00384,4,2,0,0,0,True,True,True,True
N04_M00386,4,3,0,0,0,True,True,True,True
N04_M00392,4,3,0,0,0,True,True,True,True
N04_M00394,4,4,1,0,0,True,True,True,True
N04_M00400,4,3,1,1,1,False,False,False,False
N04_M00408,4,4,1,0,0,True,True,True,True
N04_M00448,4,3,1,1,1,False,False,False,False
N04_M00456,4,4,1,0,0,True,True,True,True
N04_M00464,4,4,3,2,2,False,False,False,False
N04_M00472,4,5,3,0,0,True,True,True,True
N04_M00512,4,1,0,0,0,True,True,True,True
N04_M00514,4,2,0,0,0,True,True,True,True
N04_M00516,4,2,0,0,0,True,True,True,True
N04_M00518,4,3,1,0,0,True,True,True,True
N04_M00520,4,2,0,0,0,True,True,True,True
N04_M00522,4,3,1,1,1,False,False,False,False
N04_M00524,4,3,1,1,1,False,False,False,False
N04_M00526,4,4,3,2,2,False,False,False,False
N04_M00528,4,2,0,0,0,True,True,True,True
N04_M00536,4,3,0,0,0,True,True,True,True
N04_M00640,4,2,0,0,0,True,True,True,True
N04_M00642,4,3,0,0,0,True,True,True,True
N04_M00644,4,3,0,0,0,True,True,True,True
N04_M00646,4,4,1,0,0,True,True,True,True
N04_M00648,4,3,0,0,0,True,True,True,True
N04_M00650,4,4,1,0,0,True,True,True,True
N04_M00652,4,4,1,0,0,True,True,True,True
N04_M00654,4,5,3,0,0,True,True,True,True
N04_M00656,4,3,1,1,1,False,False,False,False
N04_M00664,4,4,1,0,0,True,True,True,True
N04_M00768,4,2,1,1,1,False,False,False,False
N04_M00770,4,3,1,0,0,True,True,True,True
N04_M00776,4,3,1,1,1,False,False,False,False
N04_M00778,4,4,2,1,2,False,False,False,False
N04_M00784,4,3,1,0,0,True,True,True,True
N04_M00792,4,4,1,0,0,True,True,True,True
N04_M00896,4,3,1,1,1,False,False,False,False
N04_M00898,4,4,1,0,0,True,True,True,True
N04_M00904,4,4,1,0,0,True,True,True,True
N04_M00906,4,5,2,0,0,True,True,True,True
N04_M00912,4,4,2,1,2,False,False,False,False
N04_M00920,4,5,2,0,0,True,True,True,True
N04_M02048,4,1,0,0,0,True,True,True,True
N04_M02050,4,2,0,0,0,True,True,True,True
N04_M02052,4,2,0,0,0,True,True,True,True
N04_M02054,4,3,1,1,1,False,False,False,False
N04_M02056,4,2,0,0,0,True,True,True,True
N04_M02058,4,3,1,1,1,False,False,False,False
N04_M02060,4,3,1,0,0,True,True,True,True
N04_M02062,4,4,3,2,2,False,False,False,False
N04_M02064,4,2,0,0,0,True,True,True,True
N04_M02068,4,3,0,0,0,True,True,True,True
N04_M02072,4,3,0,0,0,True,True,True,True
N04_M02076,4,4,1,0,0,True,True,True,True
N04_M02112,4,2,0,0,0,True,True,True,True
N04_M02114,4,3,0,0,0,True,True,True,True
N04_M02116,4,3,0,0,0,True,True,True,True
N04_M02118,4,4,1,0,0,True,True,True,True
N04_M02120,4,3,0,0,0,True,True,True,True
N04_M02122,4,4,1,0,0,True,True,True,True
N04_M02124,4,4,1,0,0,True,True,True,True
N04_M02126,4,5,3,0,0,True,True,True,True
N04_M02128,4,3,1,1,1,False,False,False,False
N04_M02132,4,4,1,0,0,True,True,True,True
N04_M02136,4,4,1,0,0,True,True,True,True
N04_M02140,4,5,2,0,0,True,True,True,True
N04_M02176,4,2,0,0,0,True,True,True,True
N04_M02178,4,3,0,0,0,True,True,True,True
N04_M02180,4,3,0,0,0,True,True,True,True
N04_M02182,4,4,1,0,0,True,True,True,True
N04_M02184,4,3,0,0,0,True,True,True,True
N04_M02186,4,4,1,0,0,True,True,True,True
N04_M02188,4,4,1,0,0,True,True,True,True
N04_M02190,4,5,3,0,0,True,True,True,True
N04_M02192,4,3,1,1,1,False,False,False,False
N04_M02196,4,4,1,0,0,True,True,True,True
N04_M02200,4,4,1,0,0,True,True,True,True
N04_M02204,4,5,2,0,0,True,True,True,True
N04_M02240,4,3,1,0,0,True,True,True,True
N04_M02242,4,4,1,0,0,True,True,True,True
N04_M02244,4,4,1,0,0,True,True,True,True
N04_M02246,4,5,2,0,0,True,True,True,True
N04_M02248,4,4,1,0,0,True,True,True,True
N04_M02250,4,5,2,0,0,True,True,True,True
N04_M02252,4,5,2,0,0,True,True,True,True
N04_M02254,4,6,4,0,0,True,True,True,True
N04_M02256,4,4,3,2,2,False,False,False,False
N04_M02260,4,5,3,0,0,True,True,True,True
N04_M02264,4,5,3,0,0,True,True,True,True
N04_M02268,4,6,4,0,0,True,True,True,True
N04_M02304,4,2,1,1,1,False,False,False,False
N04_M02306,4,3,1,1,1,False,False,False,False
N04_M02312,4,3,1,0,0,True,True,True,True
N04_M02314,4,4,2,1,2,False,False,False,False
N04_M02320,4,3,1,1,1,False,False,False,False
N04_M02328,4,4,1,0,0,True,True,True,True
N04_M02368,4,3,1,1,1,False,False,False,False
N04_M02376,4,4,1,0,0,True,True,True,True
N04_M02384,4,4,2,1,2,False,False,False,False
N04_M02392,4,5,2,0,0,True,True,True,True
N04_M02432,4,3,1,1,1,False,False,False,False
N04_M02434,4,4,1,0,0,True,True,True,True
N04_M02440,4,4,1,0,0,True,True,True,True
N04_M02442,4,5,2,0,0,True,True,True,True
N04_M02448,4,4,2,2,2,False,False,False,False
N04_M02456,4,5,2,0,0,True,True,True,True
N04_M02496,4,4,2,1,2,False,False,False,False
N04_M02504,4,5,2,0,0,True,True,True,True
N04_M02512,4,5,4,2,4,False,False,False,False
N04_M02520,4,6,4,0,0,True,True,True,True
N04_M02560,4,2,1,1,1,False,False,False,False
N04_M02562,4,3,1,1,1,False,False,False,False
N04_M02564,4,3,1,1,1,False,False,False,False
N04_M02566,4,4,2,1,2,False,False,False,False
N04_M02568,4,3,1,1,1,False,False,False,False
N04_M02570,4,4,2,2,2,False,False,False,False
N04_M02572,4,4,2,1,2,False,False,False,False
N04_M02574,4,5,4,2,4,False,False,False,False
N04_M02576,4,3,1,1,1,False,False,False,False
N04_M02584,4,4,1,0,0,True,True,True,True
N04_M02688,4,3,1,0,0,True,True,True,True
N04_M02690,4,4,1,0,0,True,True,True,True
N04_M02692,4,4,1,0,0,True,True,True,True
N04_M02694,4,5,2,0,0,True,True,True,True
N04_M02696,4,4,1,0,0,True,True,True,True
N04_M02698,4,5,2,0,0,True,True,True,True
N04_M02700,4,5,2,0,0,True,True,True,True
N04_M02702,4,6,4,0,0,True,True,True,True
N04_M02704,4,4,2,1,2,False,False,False,False
N04_M02712,4,5,2,0,0,True,True,True,True
N04_M02816,4,3,3,3,3,False,False,False,False
N04_M02818,4,4,3,2,2,False,False,False,False
N04_M02824,4,4,3,2,2,False,False,False,False
N04_M02826,4,5,4,2,4,False,False,False,False
N04_M02832,4,4,3,2,2,False,False,False,False
N04_M02840,4,5,3,0,0,True,True,True,True
N04_M02944,4,4,3,2,2,False,False,False,False
N04_M02946,4,5,3,0,0,True,True,True,True
N04_M02952,4,5,3,0,0,True,True,True,True
N04_M02954,4,6,4,0,0,True,True,True,True
N04_M02960,4,5,4,2,4,False,False,False,False
N04_M02968,4,6,4,0,0,True,True,True,True
N04_M04096,4,1,0,0,0,True,True,True,True
N04_M04098,4,2,0,0,0,True,True,True,True
N04_M04100,4,2,0,0,0,True,True,True,True
N04_M04102,4,3,1,1,1,False,False,False,False
N04_M04112,4,2,0,0,0,True,True,True,True
N04_M04116,4,3,0,0,0,True,True,True,True
N04_M04160,4,2,0,0,0,True,True,True,True
N04_M04162,4,3,0,0,0,True,True,True,True
N04_M04164,4,3,0,0,0,True,True,True,True
N04_M04166,4,4,1,0,0,True,True,True,True
N04_M04176,4,3,1,1,1,False,False,False,False
N04_M04180,4,4,1,0,0,True,True,True,True
N04_M04224,4,2,0,0,0,True,True,True,True
N04_M04228,4,3,0,0,0,True,True,True,True
N04_M04240,4,3,1,0,0,True,True,True,True
N04_M04244,4,4,1,0,0,True,True,True,True
N04_M04288,4,3,1,1,1,False,False,False,False
N04_M04292,4,4,1,0,0,True,True,True,True
N04_M04304,4,4,3,2,2,False,False,False,False
N04_M04308,4,5,3,0,0,True,True,True,True
N04_M04352,4,2,0,0,0,True,True,True,True
N04_M04354,4,3,0,0,0,True,True,True,True
N04_M04368,4,3,0,0,0,True,True,True,True
N04_M04416,4,3,0,0,0,True,True,True,True
N04_M04432,4,4,1,0,0,True,True,True,True
N04_M04480,4,3,0,0,0,True,True,True,True
N04_M04496,4,4,1,0,0,True,True,True,True
N04_M04544,4,4,1,0,0,True,True,True,True
N04_M04560,4,5,3,0,0,True,True,True,True
N04_M04608,4,2,0,0,0,True,True,True,True
N04_M04610,4,3,0,0,0,True,True,True,True
N04_M04612,4,3,0,0,0,True,True,True,True
N04_M04614,4,4,1,0,0,True,True,True,True
N04_M04624,4,3,0,0,0,True,True,True,True
N04_M04736,4,3,0,0,0,True,True,True,True
N04_M04752,4,4,1,0,0,True,True,True,True
N04_M04864,4,3,1,1,1,False,False,False,False
N04_M04866,4,4,1,0,0,True,True,True,True
N04_M04880,4,4,1,0,0,True,True,True,True
N04_M04992,4,4,1,0,0,True,True,True,True
N04_M05008,4,5,2,0,0,True,True,True,True
N04_M06144,4,2,0,0,0,True,True,True,True
N04_M06146,4,3,0,0,0,True,True,True,True
N04_M06160,4,3,0,0,0,True,True,True,True
N04_M06208,4,3,0,0,0,True,True,True,True
N04_M06224,4,4,1,0,0,True,True,True,True
N04_M06272,4,3,0,0,0,True,True,True,True
N04_M06288,4,4,1,0,0,True,True,True,True
N04_M06336,4,4,1,0,0,True,True,True,True
N04_M06352,4,5,3,0,0,True,True,True,True
N04_M06400,4,3,1,0,0,True,True,True,True
N04_M06402,4,4,1,0,0,True,True,True,True
N04_M06416,4,4,1,0,0,True,True,True,True
N04_M06464,4,4,1,0,0,True,True,True,True
N04_M06480,4,5,2,0,0,True,True,True,True
N04_M06528,4,4,1,0,0,True,True,True,True
N04_M06544,4,5,2,0,0,True,True,True,True
N04_M06592,4,5,2,0,0,True,True,True,True
N04_M06608,4,6,4,0,0,True,True,True,True
N04_M06656,4,3,1,1,1,False,False,False,False
N04_M06658,4,4,1,0,0,True,True,True,True
N04_M06672,4,4,1,0,0,True,True,True,True
N04_M06784,4,4,1,0,0,True,True,True,True
N04_M06800,4,5,2,0,0,True,True,True,True
N04_M06912,4,4,3,2,2,False,False,False,False
N04_M06914,4,5,3,0,0,True,True,True,True
N04_M06928,4,5,3,0,0,True,True,True,True
N04_M07040,4,5,3,0,0,True,True,True,True
N04_M07056,4,6,4,0,0,True,True,True,True
N04_M08192,4,1,0,0,0,True,True,True,True
N04_M08194,4,2,0,0,0,True,True,True,True
N04_M08196,4,2,0,0,0,True,True,True,True
N04_M08198,4,3,1,1,1,False,False,False,False
N04_M08200,4,2,0,0,0,True,True,True,True
N04_M08202,4,3,1,0,0,True,True,True,True
N04_M08204,4,3,1,1,1,False,False,False,False
N04_M08206,4,4,3,2,2,False,False,False,False
N04_M08208,4,2,0,0,0,True,True,True,True
N04_M08212,4,3,0,0,0,True,True,True,True
N04_M08256,4,2,0,0,0,True,True,True,True
N04_M08258,4,3,0,0,0,True,True,True,True
N04_M08260,4,3,0,0,0,True,True,True,True
N04_M08262,4,4,1,0,0,True,True,True,True
N04_M08264,4,3,0,0,0,True,True,True,True
N04_M08266,4,4,1,0,0,True,True,True,True
N04_M08268,4,4,1,0,0,True,True,True,True
N04_M08270,4,5,3,0,0,True,True,True,True
N04_M08272,4,3,1,1,1,False,False,False,False
N04_M08276,4,4,1,0,0,True,True,True,True
N04_M08448,4,2,0,0,0,True,True,True,True
N04_M08450,4,3,0,0,0,True,True,True,True
N04_M08456,4,3,0,0,0,True,True,True,True
N04_M08458,4,4,1,0,0,True,True,True,True
N04_M08464,4,3,0,0,0,True,True,True,True
N04_M08512,4,3,0,0,0,True,True,True,True
N04_M08528,4,4,1,0,0,True,True,True,True
N04_M08704,4,2,0,0,0,True,True,True,True
N04_M08706,4,3,0,0,0,True,True,True,True
N04_M08708,4,3,0,0,0,True,True,True,True
N04_M08710,4,4,1,0,0,True,True,True,True
N04_M08712,4,3,0,0,0,True,True,True,True
N04_M08714,4,4,1,0,0,True,True,True,True
N04_M08716,4,4,1,0,0,True,True,True,True
N04_M08718,4,5,3,0,0,True,True,True,True
N04_M08720,4,3,0,0,0,True,True,True,True
N04_M08960,4,3,1,1,1,False,False,False,False
N04_M08962,4,4,1,0,0,True,True,True,True
N04_M08968,4,4,1,0,0,True,True,True,True
N04_M08970,4,5,2,0,0,True,True,True,True
N04_M08976,4,4,1,0,0,True,True,True,True
N04_M10240,4,2,0,0,0,True,True,True,True
N04_M10242,4,3,0,0,0,True,True,True,True
N04_M10244,4,3,0,0,0,True,True,True,True
N04_M10246,4,4,1,0,0,True,True,True,True
N04_M10248,4,3,0,0,0,True,True,True,True
N04_M10250,4,4,1,0,0,True,True,True,True
N04_M10252,4,4,1,0,0,True,True,True,True
N04_M10254,4,5,3,0,0,True,True,True,True
N04_M10256,4,3,0,0,0,True,True,True,True
N04_M10496,4,3,1,1,1,False,False,False,False
N04_M10498,4,4,1,0,0,True,True,True,True
N04_M10504,4,4,1,0,0,True,True,True,True
N04_M10506,4,5,2,0,0,True,True,True,True
N04_M10512,4,4,1,0,0,True,True,True,True
N04_M10752,4,3,1,0,0,True,True,True,True
N04_M10754,4,4,1,0,0,True,True,True,True
N04_M10756,4,4,1,0,0,True,True,True,True
N04_M10758,4,5,2,0,0,True,True,True,True
N04_M10760,4,4,1,0,0,True,True,True,True
N04_M10762,4,5,2,0,0,True,True,True,True
N04_M10764,4,5,2,0,0,True,True,True,True
N04_M10766,4,6,4,0,0,True,True,True,True
N04_M10768,4,4,1,0,0,True,True,True,True
N04_M11008,4,4,3,2,2,False,False,False,False
N04_M11010,4,5,3,0,0,True,True,True,True
N04_M11016,4,5,3,0,0,True,True,True,True
N04_M11018,4,6,4,0,0,True,True,True,True
N04_M11024,4,5,3,0,0,True,True,True,True
N04_M12288,4,2,1,1,1,False,False,False,False
N04_M12290,4,3,1,0,0,True,True,True,True
N04_M12292,4,3,1,1,1,False,False,False,False
N04_M12294,4,4,2,1,2,False,False,False,False
N04_M12304,4,3,1,0,0,True,True,True,True
N04_M12308,4,4,1,0,0,True,True,True,True
N04_M12352,4,3,1,1,1,False,False,False,False
N04_M12354,4,4,1,0,0,True,True,True,True
N04_M12356,4,4,1,0,0,True,True,True,True
N04_M12358,4,5,2,0,0,True,True,True,True
N04_M12368,4,4,2,1,2,False,False,False,False
N04_M12372,4,5,2,0,0,True,True,True,True
N04_M12544,4,3,1,1,1,False,False,False,False
N04_M12546,4,4,1,0,0,True,True,True,True
N04_M12560,4,4,1,0,0,True,True,True,True
N04_M12608,4,4,1,0,0,True,True,True,True
N04_M12624,4,5,2,0,0,True,True,True,True
N04_M12800,4,3,1,1,1,False,False,False,False
N04_M12802,4,4,1,0,0,True,True,True,True
N04_M12804,4,4,1,0,0,True,True,True,True
N04_M12806,4,5,2,0,0,True,True,True,True
N04_M12816,4,4,1,0,0,True,True,True,True
N04_M13056,4,4,2,2,2,False,False,False,False
N04_M13058,4,5,2,0,0,True,True,True,True
N04_M13072,4,5,2,0,0,True,True,True,True
N04_M14336,4,3,1,1,1,False,False,False,False
N04_M14338,4,4,1,0,0,True,True,True,True
N04_M14352,4,4,1,0,0,True,True,True,True
N04_M14592,4,4,2,1,2,False,False,False,False
N04_M14594,4,5,2,0,0,True,True,True,True
N04_M14608,4,5,2,0,0,True,True,True,True
N04_M14848,4,4,2,1,2,False,False,False,False
N04_M14850,4,5,2,0,0,True,True,True,True
N04_M14864,4,5,2,0,0,True,True,True,True
N04_M15104,4,5,4,2,4,False,False,False,False
N04_M15106,4,6,4,0,0,True,True,True,True
N04_M15120,4,6,4,0,0,True,True,True,True
N04_M16384,4,1,0,0,0,True,True,True,True
N04_M16386,4,2,0,0,0,True,True,True,True
N04_M16388,4,2,0,0,0,True,True,True,True
N04_M16390,4,3,1,1,1,False,False,False,False
N04_M16392,4,2,0,0,0,True,True,True,True
N04_M16394,4,3,1,1,1,False,False,False,False
N04_M16396,4,3,1,0,0,True,True,True,True
N04_M16398,4,4,3,2,2,False,False,False,False
N04_M16400,4,2,0,0,0,True,True,True,True
N04_M16404,4,3,0,0,0,True,True,True,True
N04_M16408,4,3,0,0,0,True,True,True,True
N04_M16412,4,4,1,0,0,True,True,True,True
N04_M16448,4,2,0,0,0,True,True,True,True
N04_M16450,4,3,0,0,0,True,True,True,True
N04_M16452,4,3,0,0,0,True,True,True,True
N04_M16454,4,4,1,0,0,True,True,True,True
N04_M16456,4,3,0,0,0,True,True,True,True
N04_M16458,4,4,1,0,0,True,True,True,True
N04_M16460,4,4,1,0,0,True,True,True,True
N04_M16462,4,5,3,0,0,True,True,True,True
N04_M16464,4,3,1,1,1,False,False,False,False
N04_M16468,4,4,1,0,0,True,True,True,True
N04_M16472,4,4,1,0,0,True,True,True,True
N04_M16476,4,5,2,0,0,True,True,True,True
N04_M16512,4,2,0,0,0,True,True,True,True
N04_M16514,4,3,0,0,0,True,True,True,True
N04_M16516,4,3,0,0,0,True,True,True,True
N04_M16518,4,4,1,0,0,True,True,True,True
N04_M16520,4,3,0,0,0,True,True,True,True
N04_M16522,4,4,1,0,0,True,True,True,True
N04_M16524,4,4,1,0,0,True,True,True,True
N04_M16526,4,5,3,0,0,True,True,True,True
N04_M16528,4,3,1,1,1,False,False,False,False
N04_M16532,4,4,1,0,0,True,True,True,True
N04_M16536,4,4,1,0,0,True,True,True,True
N04_M16540,4,5,2,0,0,True,True,True,True
N04_M16576,4,3,1,0,0,True,True,True,True
N04_M16578,4,4,1,0,0,True,True,True,True
N04_M16580,4,4,1,0,0,True,True,True,True
N04_M16582,4,5,2,0,0,True,True,True,True
N04_M16584,4,4,1,0,0,True,True,True,True
N04_M16586,4,5,2,0,0,True,True,True,True
N04_M16588,4,5,2,0,0,True,True,True,True
N04_M16590,4,6,4,0,0,True,True,True,True
N04_M16592,4,4,3,2,2,False,False,False,False
N04_M16596,4,5,3,0,0,True,True,True,True
N04_M16600,4,5,3,0,0,True,True,True,True
N04_M16604,4,6,4,0,0,True,True,True,True
N04_M16640,4,2,0,0,0,True,True,True,True
N04_M16642,4,3,0,0,0,True,True,True,True
N04_M16656,4,3,0,0,0,True,True,True,True
N04_M16704,4,3,0,0,0,True,True,True,True
N04_M16720,4,4,1,0,0,True,True,True,True
N04_M16768,4,3,0,0,0,True,True,True,True
N04_M16784,4,4,1,0,0,True,True,True,True
N04_M16832,4,4,1,0,0,True,True,True,True
N04_M16848,4,5,3,0,0,True,True,True,True
N04_M16896,4,2,0,0,0,True,True,True,True
N04_M16898,4,3,0,0,0,True,True,True,True
N04_M16900,4,3,0,0,0,True,True,True,True
N04_M16902,4,4,1,0,0,True,True,True,True
N04_M16904,4,3,0,0,0,True,True,True,True
N04_M16906,4,4,1,0,0,True,True,True,True
N04_M16908,4,4,1,0,0,True,True,True,True
N04_M16910,4,5,3,0,0,True,True,True,True
N04_M16912,4,3,0,0,0,True,True,True,True
N04_M17152,4,3,1,1,1,False,False,False,False
N04_M17154,4,4,1,0,0,True,True,True,True
N04_M17168,4,4,1,0,0,True,True,True,True
N04_M20480,4,2,1,1,1,False,False,False,False
N04_M20482,4,3,1,1,1,False,False,False,False
N04_M20484,4,3,1,0,0,True,True,True,True
N04_M20486,4,4,2,1,2,False,False,False,False
N04_M20496,4,3,1,1,1,False,False,False,False
N04_M20500,4,4,1,0,0,True,True,True,True
N04_M20544,4,3,1,1,1,False,False,False,False
N04_M20546,4,4,1,0,0,True,True,True,True
N04_M20548,4,4,1,0,0,True,True,True,True
N04_M20550,4,5,2,0,0,True,True,True,True
N04_M20560,4,4,2,2,2,False,False,False,False
N04_M20564,4,5,2,0,0,True,True,True,True
N04_M20608,4,3,1,1,1,False,False,False,False
N04_M20612,4,4,1,0,0,True,True,True,True
N04_M20624,4,4,2,1,2,False,False,False,False
N04_M20628,4,5,2,0,0,True,True,True,True
N04_M20672,4,4,2,1,2,False,False,False,False
N04_M20676,4,5,2,0,0,True,True,True,True
N04_M20688,4,5,4,2,4,False,False,False,False
N04_M20692,4,6,4,0,0,True,True,True,True
N04_M20736,4,3,1,0,0,True,True,True,True
N04_M20738,4,4,1,0,0,True,True,True,True
N04_M20752,4,4,1,0,0,True,True,True,True
N04_M20800,4,4,1,0,0,True,True,True,True
N04_M20816,4,5,2,0,0,True,True,True,True
N04_M20864,4,4,1,0,0,True,True,True,True
N04_M20880,4,5,2,0,0,True,True,True,True
N04_M20928,4,5,2,0,0,True,True,True,True
N04_M20944,4,6,4,0,0,True,True,True,True
N04_M20992,4,3,1,1,1,False,False,False,False
N04_M20994,4,4,1,0,0,True,True,True,True
N04_M20996,4,4,1,0,0,True,True,True,True
N04_M20998,4,5,2,0,0,True,True,True,True
N04_M21008,4,4,1,0,0,True,True,True,True
N04_M21248,4,4,2,1,2,False,False,False,False
N04_M21250,4,5,2,0,0,True,True,True,True
N04_M21264,4,5,2,0,0,True,True,True,True
N04_M24576,4,2,1,1,1,False,False,False,False
N04_M24578,4,3,1,1,1,False,False,False,False
N04_M24580,4,3,1,1,1,False,False,False,False
N04_M24582,4,4,2,2,2,False,False,False,False
N04_M24584,4,3,1,1,1,False,False,False,False
N04_M24586,4,4,2,1,2,False,False,False,False
N04_M24588,4,4,2,1,2,False,False,False,False
N04_M24590,4,5,4,2,4,False,False,False,False
N04_M24592,4,3,1,1,1,False,False,False,False
N04_M24596,4,4,1,0,0,True,True,True,True
N04_M24640,4,3,1,0,0,True,True,True,True
N04_M24642,4,4,1,0,0,True,True,True,True
N04_M24644,4,4,1,0,0,True,True,True,True
N04_M24646,4,5,2,0,0,True,True,True,True
N04_M24648,4,4,1,0,0,True,True,True,True
N04_M24650,4,5,2,0,0,True,True,True,True
N04_M24652,4,5,2,0,0,True,True,True,True
N04_M24654,4,6,4,0,0,True,True,True,True
N04_M24656,4,4,2,1,2,False,False,False,False
N04_M24660,4,5,2,0,0,True,True,True,True
N04_M24832,4,3,1,1,1,False,False,False,False
N04_M24834,4,4,1,0,0,True,True,True,True
N04_M24848,4,4,1,0,0,True,True,True,True
N04_M24896,4,4,1,0,0,True,True,True,True
N04_M24912,4,5,2,0,0,True,True,True,True
N04_M25088,4,3,1,0,0,True,True,True,True
N04_M25090,4,4,1,0,0,True,True,True,True
N04_M25092,4,4,1,0,0,True,True,True,True
N04_M25094,4,5,2,0,0,True,True,True,True
N04_M25096,4,4,1,0,0,True,True,True,True
N04_M25098,4,5,2,0,0,True,True,True,True
N04_M25100,4,5,2,0,0,True,True,True,True
N04_M25102,4,6,4,0,0,True,True,True,True
N04_M25104,4,4,1,0,0,True,True,True,True
N04_M25344,4,4,2,1,2,False,False,False,False
N04_M25346,4,5,2,0,0,True,True,True,True
N04_M25360,4,5,2,0,0,True,True,True,True
N04_M28672,4,3,3,3,3,False,False,False,False
N04_M28674,4,4,3,2,2,False,False,False,False
N04_M28676,4,4,3,2,2,False,False,False,False
N04_M28678,4,5,4,2,4,False,False,False,False
N04_M28688,4,4,3,2,2,False,False,False,False
N04_M28692,4,5,3,0,0,True,True,True,True
N04_M28736,4,4,3,2,2,False,False,False,False
N04_M28738,4,5,3,0,0,True,True,True,True
N04_M28740,4,5,3,0,0,True,True,True,True
N04_M28742,4,6,4,0,0,True,True,True,True
N04_M28752,4,5,4,2,4,False,False,False,False
N04_M28756,4,6,4,0,0,True,True,True,True
N04_M28928,4,4,3,2,2,False,False,False,False
N04_M28930,4,5,3,0,0,True,True,True,True
N04_M28944,4,5,3,0,0,True,True,True,True
N04_M28992,4,5,3,0,0,True,True,True,True
N04_M29008,4,6,4,0,0,True,True,True,True
N04_M29184,4,4,3,2,2,False,False,False,False
N04_M29186,4,5,3,0,0,True,True,True,True
N04_M29188,4,5,3,0,0,True,True,True,True
N04_M29190,4,6,4,0,0,True,True,True,True
N04_M29200,4,5,3,0,0,True,True,True,True
N04_M29440,4,5,4,2,4,False,False,False,False
N04_M29442,4,6,4,0,0,True,True,True,True
N04_M29456,4,6,4,0,0,True,True,True,True
